1;Jennifer;Terry;F;09.09.1997
2;Michelle;Hollan;F;27.05.1963
3;Mohammed;Spencer;F;15.05.2012
4;Susan;Schroeder;M;20.04.2010
5;Christopher;Perry;F;19.12.1969
6;Joy;Santos;M;01.07.1988
7;Shane;Obrien;F;01.07.2016
8;Sandra;Rogers;M;28.06.2018
9;Karen;Cannon;M;04.03.1960
10;Nigel;Ortega;F;02.01.2011
11;Jayne;Mcgee;M;02.09.1998
12;Margaret;Brooks;F;14.05.1962
13;Nina;Gray;F;09.08.1974
14;Nick;Hollan;M;20.09.2001
15;Phillip;Whitehead;F;28.06.2013
16;Jonathan;Shelton;M;11.09.2004
17;Amanda;Joyce;F;26.08.1966
18;Tracy;Whitehead;M;08.11.1986
19;Pamela;Jimenez;F;07.11.2013
20;Ryan;Holt;F;20.05.2017
21;Ann;Cannon;F;02.10.1961
22;Andrew;Burns;F;17.10.1993
23;Peter;Flores;F;02.10.2014
24;Rod;Rivas;F;06.05.1967
25;Sonia;Jackson;M;03.12.1971
26;Thomas;Kelly;F;01.03.2013
27;Carol;Jackson;F;27.10.2022
28;Joanne;Wade;F;05.04.1994
29;Margaret;Terry;F;10.08.2003
30;Loris;Hayes;F;27.10.1970
31;Jayne;Chambers;F;17.11.1997
32;Robert;Stewart;M;03.01.1999
33;Sandra;Smart;F;21.11.2006
34;Kate;Houghton;M;08.07.1990
35;Maureen;Hughes;F;26.10.1960
36;Stephen;Santos;M;03.07.1978
37;Emma;Daniel;F;25.11.1999
38;Matthew;Knowles;M;17.07.2006
39;Betty;Wade;M;29.12.2004
40;Sandra;Steele;F;27.12.1995
41;Keith;Fernandez;F;18.07.2018
42;Trevor;Terry;M;05.05.1960
43;Maureen;Stewart;M;18.12.2002
44;Jonathan;Steele;M;15.06.2003
45;Andrew;Rossi;M;21.07.1971
46;Rod;Gray;M;20.04.1963
47;Susan;Marsh;F;19.08.2012
48;David;Lee;F;10.01.2000
49;Kathryn;Cannon;M;02.06.1983
50;Andrew;Clayton;F;26.09.2022
51;Benedict;Foster;F;13.06.2022
52;Andrew;Griffin;M;20.12.2019
53;Robert;Powell;F;05.01.1987
54;Michael;Terry;M;15.06.2009
55;Ann;French;M;24.01.1994
56;Timothy;Spencer;M;26.03.2008
57;Lorraine;Ortiz;F;15.10.2016
58;John;Rivas;F;21.11.2013
59;Steven;Curry;F;30.01.2005
60;Richard;Adams;M;12.07.2008
61;Jennifer;Hopkins;F;17.04.1990
62;Mazhar;Obrien;F;29.10.2017
63;Kate;Hawkins;M;12.08.1972
64;Peter;Craig;M;24.05.1980
65;Keith;Thomas;F;14.11.2002
66;Margaret;Swanson;M;06.04.1969
67;Robert;Holt;F;16.08.1988
68;Ky;Thomas;M;21.12.1966
69;Richard;Frazier;M;29.11.1993
70;Glenn;Chan;F;03.09.2006
71;Peter;Reyes;M;08.03.2007
72;David;Walton;F;13.10.1998
73;Kamran;Swanson;F;06.08.1984
74;David;Brooks;F;03.07.1995
75;Sam;Sandoval;F;08.10.1981
76;William;Whitehead;F;23.04.1993
77;Mark;Flores;M;20.12.2002
78;Peter;Holt;F;09.07.2019
79;Michael;Townsend;M;06.05.2005
80;Michelle;Smith;F;07.08.1966
81;Elizabeth;Whitehead;F;03.04.1997
82;Barry;Gray;F;06.08.1977
83;Martin;Gibson;F;15.04.1990
84;Gemma;Hawkins;F;23.04.2014
85;Stephen;Solis;M;02.06.1994
86;Maureen;Swanson;M;11.08.1965
87;Sandra;Cannon;M;14.06.2002
88;Peter;Brooks;F;21.08.2016
89;Irene;Ramsey;F;16.09.2008
90;Michelle;Daniel;M;11.09.1995
91;Jonathan;Hawkins;M;23.06.1968
92;Yasmin;Richards;M;21.04.1976
93;Stacey;Stewart;F;19.12.1984
94;Margaret;Smith;F;31.03.1988
95;Mohammed;Pena;F;11.03.2002
96;Peter;Lee;F;23.12.2019
97;Peter;Ortiz;M;09.04.2019
98;Andrew;Ross;F;27.03.1982
99;Eileen;Swanson;F;02.06.1979
100;Jonathan;Chan;F;04.07.2022
101;William;Clayton;M;21.04.1962
102;Jan;Solis;M;03.02.2009
103;Glenn;Hammond;F;20.02.1977
104;Lionel;Chambers;M;11.08.2004
105;Walter;Smith;F;15.02.2016
106;Timothy;Steele;F;25.05.2015
107;Mark;Lee;F;08.11.2021
108;Elizabeth;Whitehead;F;07.11.1973
109;William;Kelly;F;29.11.1986
110;Anthony;Ortiz;F;02.07.1990
111;Ivy;Doherty;F;06.04.1992
112;Timothy;Gray;F;24.06.1993
113;David;Ortiz;F;02.02.2002
114;Barry;Chambers;F;05.03.1967
115;Mark;Todd;M;01.08.1970
116;Stephen;Garcia;F;13.01.1999
117;Graham;Doherty;M;05.01.1994
118;Matthew;Frazier;F;13.11.1960
119;Kamran;Marsh;F;04.02.1960
120;Ryan;Woods;M;24.09.1986
121;Geoffrey;Spencer;M;21.05.1978
122;Jennifer;Houghton;M;15.05.1988
123;Stephen;Wagner;F;07.04.1982
124;Kathleen;Chambers;F;04.09.2003
125;Elizabeth;Holt;F;10.02.1975
126;Nicola;Gibson;M;13.09.1984
127;Robert;Perry;M;13.05.1996
128;William;Hughes;F;11.11.1997
129;Michael;Parker;F;16.08.1960
130;Anita;Ramsey;F;20.11.2001
131;David;Holt;M;01.07.2022
132;Sonia;Hawkins;F;29.12.1962
133;Rod;Townsend;M;24.11.1991
134;David;Lambert;M;14.08.2020
135;Barry;Rossi;M;26.05.2002
136;Jayne;Swanson;M;24.11.1987
137;Michelle;James;F;13.02.2007
138;Ky;Sandoval;M;05.09.2010
139;Brian;Ross;F;23.02.1989
140;Paul;Walton;F;19.10.2021
141;George;Houghton;M;21.09.1987
142;Scott;Swanson;F;15.04.1999
143;Lionel;Pena;F;13.03.1991
144;Pamela;Craig;M;24.02.2006
145;Kathryn;Sandoval;M;24.02.1990
146;Kathleen;Mcdonald;F;05.02.2004
147;Michael;Richards;F;13.11.1993
148;Iain;Figueroa;F;23.10.1966
149;Trevor;Hodges;F;14.05.1979
150;Nick;Ortega;M;22.03.1988
151;Pamela;Whitehead;M;11.10.2004
152;Rachael;Shelton;M;02.03.2015
153;James;Terry;M;13.07.1978
154;Gerard;Stevens;M;12.11.2012
155;Mohammed;Rivas;F;20.08.1972
156;Elizabeth;Chambers;F;30.07.1965
157;Azar;Hopkins;M;08.10.1993
158;Neil;Hughes;F;07.12.2016
159;Sylvia;Ortiz;F;11.06.2019
160;Walter;Terry;F;28.03.1995
161;Matthew;Brennan;M;12.06.1977
162;William;Brooks;M;21.02.1961
163;Helen;Chan;F;08.12.1974
164;Sandra;Swanson;M;06.01.1964
165;Barry;Frazier;F;13.03.1980
166;George;Holt;M;11.07.1970
167;Brian;Hodges;F;17.05.1999
168;Graham;Gibson;M;05.02.2005
169;Stephen;Hale;F;18.10.2004
170;Valerie;Terry;M;27.10.1971
171;Sarah;Parker;M;10.07.2009
172;Regan;Stewart;F;28.07.2009
173;Carol;Ross;F;08.05.2005
174;Amy;Barnett;M;23.08.1965
175;Richard;Rogers;F;12.01.1986
176;Donal;Cannon;M;07.01.1970
177;Emma;Parker;M;26.01.2009
178;Andrew;Whitehead;M;17.08.2003
179;Jennifer;Flores;M;08.09.1992
180;William;Hopkins;F;10.04.1990
181;Irene;Marsh;F;06.12.2001
182;Ivy;Hodges;M;23.06.1975
183;Jayne;Schmidt;F;13.05.1984
184;Sylvia;Ortiz;F;18.12.2012
185;Gemma;Solis;M;29.04.1988
186;Barry;Todd;F;18.11.1960
187;Sam;Clayton;F;27.11.2001
188;Yasmin;Wade;F;07.06.1970
189;Sandra;Craig;M;29.11.1998
190;Gwen;Burns;M;29.10.2000
191;De;Smart;F;31.01.1980
192;Kate;Chambers;F;26.10.2005
193;Carol;Steele;M;01.09.1998
194;Alida;Daniels;M;13.05.1978
195;John;Bates;M;20.07.1974
196;Elizabeth;Hayes;F;13.04.2012
197;Trevor;Rivas;M;06.11.1963
198;Andrew;Hughes;F;26.10.1966
199;Ryan;Russell;F;03.04.2018
200;Anthony;Townsend;F;29.03.2010
201;Michael;Joyce;M;18.06.1969
202;Timothy;Smart;F;12.11.2012
203;David;Hammond;M;20.12.1981
204;Sarah;Schofield;F;25.11.1968
205;William;Bates;M;03.11.1971
206;Peter;Rossi;F;26.04.1990
207;Karen;Mcgee;M;15.03.2014
208;Robert;Joyce;F;23.11.1989
209;Amy;Richards;F;18.06.2020
210;Joy;Reyes;F;02.04.1981
211;Walter;Burns;F;30.10.1996
212;Mark;Cox;F;29.12.2021
213;Maureen;Clayton;F;31.01.2008
214;Brian;Foster;F;20.04.2018
215;Scott;Brooks;F;21.08.1997
216;Betty;Parker;F;20.01.1978
217;Kenneth;Daniels;M;17.06.1965
218;James;Santos;M;16.07.1985
219;Kathryn;Wade;M;06.05.1996
220;Joy;Schmidt;M;16.02.2014
221;Janice;Russell;M;13.03.2003
222;Eileen;Chan;M;28.02.1960
223;Keith;Daniel;M;19.01.1967
224;Michael;Lee;M;11.02.1996
225;Arthur;James;M;14.06.2011
226;Robert;Shelton;M;15.10.2019
227;Sheila;Barnett;F;21.09.1974
228;Sandra;Mcgregor;F;28.06.1969
229;Sandra;Richards;F;06.10.1983
230;Jonathan;Whitehead;F;14.06.1994
231;Mohammed;Knowles;F;29.11.2013
232;Wai;Santos;M;22.04.2011
233;Barry;Davis;M;03.02.2014
234;Tomas;Hayes;M;24.08.2006
235;Patrick;Todd;M;24.08.1989
236;Satish;Fernandez;F;19.05.1963
237;Ky;Marsh;M;30.12.2022
238;Stephen;Hodges;F;20.12.1977
239;David;Smart;F;16.05.1999
240;Brian;Ross;M;29.03.1964
241;Ryan;Swanson;F;06.05.1990
242;Ruth;James;F;06.10.2013
243;Richard;Whitehead;M;14.02.1968
244;Kathryn;Barker;F;18.11.1994
245;Michael;Cox;F;22.06.1988
246;Regan;Hodges;M;27.07.1970
247;Alida;Warren;M;07.07.1992
248;William;Barker;M;25.05.1977
249;Benedict;Pearson;M;30.07.2000
250;Jose;Swanson;M;30.10.2012
251;Michael;Sandoval;M;02.12.2015
252;Paul;Townsend;M;17.05.1975
253;Matthew;Obrien;F;31.08.2009
254;John;Baldwin;M;08.06.2004
255;Robert;Lee;M;26.10.1992
256;Benedict;Garcia;F;07.03.1970
257;Sandy;Holt;F;09.12.1999
258;Shane;Russell;M;23.03.1993
259;Stephen;Curry;M;01.02.2002
260;Carol;Garcia;M;21.05.2009
261;Amy;Pearson;F;27.03.1984
262;Steven;Brennan;F;06.08.1998
263;Oliver;Mcdonald;F;16.12.1977
264;Keith;Marsh;M;23.08.1997
265;Michael;Craig;M;02.11.2013
266;Robert;Hodges;M;03.05.2017
267;Walter;Flores;M;23.03.2019
268;Graham;French;F;19.06.1997
269;Belinda;Joyce;M;07.04.2009
270;Amanda;Bates;F;21.02.1960
271;Lionel;Alexander;M;21.06.2015
272;Kathleen;Jackson;M;31.07.1984
273;Sonia;Spencer;M;27.10.1973
274;Judith;Shelton;M;12.12.1960
275;Robert;Flores;M;25.06.1981
276;Mazhar;Kelly;M;19.02.1991
277;Nick;Schroeder;M;11.06.2012
278;Peter;Gibson;M;09.07.1962
279;Regan;Perry;M;16.07.1963
280;Jan;Warren;F;14.04.1969
281;Matthew;Doherty;F;02.01.1977
282;Gemma;Lawson;M;26.03.2011
283;Robert;Gray;M;31.03.1991
284;John;Mcgee;F;25.09.2022
285;Susan;Foster;F;27.08.1995
286;Robert;Shelton;F;10.07.1999
287;Azar;Smart;F;27.08.1989
288;Margaret;Daniel;M;03.10.1965
289;Andrew;Griffin;F;07.09.1968
290;William;Whitehead;M;01.12.1971
291;Kathryn;Steele;M;04.05.1961
292;Rebecca;Perry;F;01.12.1995
293;John;Hughes;F;14.08.2013
294;Tina;French;M;24.04.2013
295;Graham;Rogers;F;03.01.2008
296;Ivy;Warren;M;19.11.1975
297;Andrew;Hodges;M;15.05.1960
298;Paul;Hopkins;F;27.11.1986
299;Tara;Woods;M;27.01.1994
300;Gwen;Richards;M;20.06.1972
301;Robert;Baldwin;M;06.07.1985
302;Andrew;Santos;F;10.08.1963
303;John;Foster;M;12.02.1992
304;John;Sandoval;F;06.01.1990
305;Sonia;Whitehead;F;14.01.1991
306;Steven;Mcgee;F;29.10.1962
307;Sharon;Stevens;M;06.01.1998
308;Stephen;Hopkins;F;11.02.1974
309;Judith;Schmidt;M;16.06.2021
310;Mohammed;Hayes;F;04.07.2021
311;Jose;Knowles;M;06.07.1990
312;Carol;Obrien;M;27.11.1974
313;Jonathan;Hughes;M;20.10.1987
314;Sandra;Fernandez;M;17.10.2001
315;Graham;Hopkins;F;19.05.1990
316;De;Burns;M;09.02.1969
317;Andrew;Burns;F;11.09.1987
318;Alida;Santos;F;16.08.1994
319;Sandy;Smart;F;30.12.1985
320;Martin;Daniels;M;18.06.1999
321;Miranda;Fernandez;F;21.05.1975
322;Amy;Schroeder;F;26.07.1977
323;Alida;Daniel;M;15.11.2017
324;Loris;Lambert;M;02.01.1968
325;Stacey;Woods;F;27.05.1985
326;Gemma;Schofield;M;05.12.1962
327;George;Chan;M;13.07.1969
328;Stephen;Richards;M;17.09.2011
329;Peter;Schofield;F;12.01.1984
330;Matthew;Burns;M;18.06.1961
331;Matthew;Mcgregor;F;31.05.2003
332;Janice;Burns;F;07.07.2015
333;Shane;Sandoval;F;25.10.1964
334;Sheila;Mcgregor;M;27.02.2007
335;Nina;Chan;M;17.01.1976
336;Glenn;Hawkins;F;13.06.1971
337;Gerard;Parker;M;19.10.1971
338;Judith;Adams;M;14.08.1988
339;Tara;Ortiz;F;14.02.2000
340;Clive;Hughes;F;24.06.1995
341;Lionel;Brennan;F;27.03.1994
342;Mazhar;Gibson;F;08.11.1994
343;Jonathan;Hayes;M;25.01.1997
344;Arthur;Whitehead;M;18.03.2002
345;Judith;Holland;M;21.11.1965
346;Graham;Hughes;M;16.03.2012
347;Shane;Daniel;M;22.05.2022
348;Lewis;Schofield;M;23.12.1961
349;Geoffrey;Richards;M;14.05.2019
350;Mark;Curry;M;19.12.2014
351;William;Pena;M;11.11.2007
352;George;Terry;M;11.06.1964
353;Kathleen;Ortiz;F;06.02.1988
354;Paul;Alexander;F;31.03.2008
355;Gerard;Gibson;F;14.05.2020
356;Nina;Powell;F;05.06.2010
357;Irene;Ramsey;F;04.03.2021
358;David;Chambers;M;16.05.1975
359;Janice;Knowles;M;23.03.1967
360;Stephen;Mcgee;F;29.08.1967
361;Ruth;Terry;M;05.04.1993
362;Michael;Frazier;F;29.04.1992
363;Helen;Whitehead;M;18.03.2015
364;Stephen;Curry;M;17.01.2001
365;Rod;Daniel;M;10.01.1996
366;John;Rodgers;F;30.10.1981
367;Donal;Gray;M;24.02.1981
368;Michael;Spencer;F;13.07.2011
369;Helen;Swanson;F;23.12.1976
370;Geoffrey;Wagner;F;08.07.1970
371;Jan;Ramsey;F;02.11.1969
372;Elizabeth;Houghton;M;11.02.1968
373;De;Hughes;M;29.04.2013
374;Michael;Russell;M;21.08.2001
375;Eileen;Whitehead;F;24.03.1986
376;Lionel;James;F;11.04.1975
377;John;Schmidt;F;22.05.1993
378;Brian;Holland;M;01.07.1984
379;William;Ortiz;F;03.08.1974
380;Robert;Hodges;M;01.08.1973
381;Jamie;Hughes;F;14.04.1986
382;Geoffrey;Craig;F;08.12.1974
383;Mohammad;Figueroa;F;01.05.2021
384;Kenneth;Solis;M;21.07.2017
385;Richard;Obrien;M;10.05.2009
386;Alexander;Miranda;M;14.06.1992
387;Joanne;Frazier;F;16.06.1970
388;Andrew;Steele;F;26.02.2005
389;Syed;Parker;F;28.04.1992
390;Helen;Whitehead;F;04.05.1966
391;John;Baldwin;F;22.11.1974
392;David;Walton;F;17.02.2003
393;David;Thomas;M;11.04.1969
394;Graham;Alexander;F;30.04.1963
395;Rachael;Stevens;M;28.09.2002
396;Janet;Davis;M;14.10.1980
397;Syed;Hughes;F;24.07.1960
398;Stephen;Ortiz;M;31.08.1980
399;Ann;French;F;22.03.2005
400;Robert;Gibson;F;16.09.2016
401;Amanda;Marsh;F;11.07.1966
402;Peter;Ortiz;M;22.10.2009
403;Lionel;Jimenez;M;15.01.1990
404;Brian;Terry;M;04.01.1969
405;Gemma;Hayes;F;02.11.2015
406;Mazhar;Jackson;M;16.01.2022
407;Robert;Obrien;F;23.02.1985
408;Peter;Swanson;M;21.04.1971
409;Robert;Miranda;F;05.01.2020
410;Paul;Smart;F;06.08.1980
411;Mohammad;Jimenez;M;18.08.1977
412;Pamela;Lambert;F;06.03.2002
413;Elizabeth;Frazier;F;19.01.1994
414;Keith;Marsh;M;28.07.1977
415;Graham;Kelly;F;22.05.1977
416;Alexander;Flores;F;21.08.2014
417;Lina;Ross;M;27.05.1986
418;Nick;Daniels;F;06.01.2015
419;Valerie;Bates;F;23.06.1972
420;Lorraine;Marsh;M;20.03.1987
421;Paul;Foster;M;09.04.2015
422;Michael;Hammond;M;08.04.1979
423;Regan;Daniel;F;30.01.2019
424;Tina;Wagner;M;29.08.2019
425;Robert;Fernandez;M;03.09.1993
426;Lisa;Cox;F;25.02.1985
427;Peter;Baldwin;F;29.11.2004
428;Muhammad;Stevens;M;13.01.1991
429;John;Griffin;M;12.02.1965
430;Helen;Powell;M;05.04.1970
431;Margaret;Ortiz;M;16.01.1990
432;Ky;Spencer;M;27.06.1968
433;Nick;Wade;M;11.02.2009
434;William;Parker;M;16.02.2001
435;Thomas;Spencer;M;05.10.2020
436;Martin;Bates;M;26.11.2020
437;Pamela;Ramsey;M;26.11.1996
438;Sara;Shelton;F;30.08.2011
439;Anthony;Rivas;F;22.01.1996
440;Robert;Russell;M;05.11.2021
441;Loris;Ross;F;01.10.1986
442;Alexander;Ortega;M;12.09.1977
443;Shane;Hodges;M;06.06.2008
444;Rachael;Lawson;F;10.01.1969
445;Rebecca;Russell;M;22.03.2009
446;Neil;Bates;F;24.12.1983
447;Margaret;Mcdonald;M;02.08.1988
448;Stephen;French;F;29.04.1980
449;Fiona;Terry;F;08.10.2007
450;Arthur;Marsh;M;22.03.1965
451;Susan;Warren;F;25.06.2021
452;Steven;Hawkins;F;28.08.1962
453;Brian;Holt;F;23.08.2010
454;Michael;Stevens;F;29.03.1973
455;Arthur;Marsh;M;19.02.1970
456;William;Hodges;M;10.10.1976
457;Tracy;Solis;M;24.10.2017
458;David;Swanson;M;19.03.1991
459;Elaine;Holland;F;29.06.1982
460;Michael;Holt;F;23.11.1979
461;Peter;Swanson;M;18.08.1997
462;Brian;Reyes;F;14.10.1999
463;Elizabeth;Mcgee;F;17.11.2007
464;Azar;Richards;F;27.01.1993
465;Scott;Hammond;F;21.01.2007
466;Sheila;Holt;F;27.08.1996
467;David;Clayton;F;31.03.2011
468;Ryan;Fernandez;M;12.10.2013
469;Barry;Stewart;M;24.11.1983
470;Alida;Davis;M;08.02.2022
471;Scott;Miranda;M;18.08.1987
472;Graham;Pena;F;04.02.2014
473;James;Warren;M;23.03.1966
474;Miranda;Pena;F;12.07.1989
475;Anthony;Rogers;F;02.05.1969
476;Judith;Parker;M;21.11.1987
477;Neil;Swanson;M;29.05.1990
478;Kathleen;Craig;M;10.01.1978
479;Stephen;Flores;F;13.10.1986
480;Barry;Ortiz;F;10.07.1962
481;Geoffrey;Jimenez;M;20.02.2014
482;Matthew;Adams;F;09.09.1991
483;Jonathan;Garcia;F;29.03.1986
484;John;Barnett;F;05.07.1981
485;Andrew;Chambers;M;17.05.1962
486;Stephen;Sandoval;M;26.06.1970
487;Peter;James;F;06.02.1978
488;Brian;Steele;M;30.01.2015
489;Peter;Rodgers;M;01.10.1968
490;Jose;Stewart;M;26.04.1986
491;Barry;Shelton;M;21.11.1960
492;Stephen;Terry;M;13.01.1978
493;Miranda;Figueroa;M;19.08.2022
494;Amanda;Kelly;F;20.07.1964
495;Darren;Clayton;F;07.04.1960
496;Andrew;Powell;F;13.09.1980
497;William;Pena;F;31.07.1991
498;Donal;Clayton;F;14.03.1960
499;Paul;Figueroa;F;02.07.2010
500;Anthony;Perry;F;07.12.1979
501;Graham;Lawson;M;12.10.1995
502;Robert;Ross;F;22.05.1989
503;Kenneth;Smith;M;06.01.1963
504;Michael;Warren;M;14.04.1967
505;Kathleen;Holland;F;03.06.1998
506;Amanda;Gray;F;23.08.1987
507;Mohammed;Marsh;M;12.02.1972
508;Sharon;Holland;M;07.04.1981
509;Rachael;Griffin;F;08.07.2011
510;Lorraine;Ortega;F;10.05.1977
511;Carol;Chan;M;21.07.2004
512;Valerie;Alexander;M;25.08.2015
513;Andrew;Joyce;F;13.10.1992
514;Tomas;Rossi;M;17.11.2003
515;Ky;Pena;F;02.01.2011
516;Tracy;Chambers;F;28.11.2007
517;Graham;Gibson;F;24.08.1996
518;John;Lambert;F;29.04.1979
519;Graham;Swanson;F;26.02.1993
520;Richard;Craig;F;19.07.1979
521;Jonathan;Rogers;F;30.10.2004
522;Syed;Barker;F;06.08.2019
523;Matthew;Thomas;F;19.05.2019
524;Peter;Brennan;F;27.09.2004
525;Aaron;Pearson;F;15.11.1975
526;Keith;Cannon;M;28.01.1975
527;Sheila;Smart;F;20.03.2011
528;Eileen;Parker;F;04.04.2004
529;Betty;Schofield;F;12.11.1996
530;Peter;Doherty;F;16.08.2014
531;Patrick;Hodges;F;02.08.1988
532;Sam;Hopkins;F;09.11.1970
533;Stacey;Pearson;F;07.10.2014
534;Carol;Brooks;M;20.11.1960
535;Pamela;Hale;F;22.11.2012
536;Susan;Hopkins;M;16.03.1987
537;Sheila;Schofield;M;16.09.1976
538;Sara;Sandoval;M;07.09.2017
539;Rebecca;Whitehead;M;17.01.2008
540;Elizabeth;Hawkins;M;15.06.1975
541;Patrick;Jimenez;F;04.10.2007
542;John;Steele;M;12.11.1998
543;Neil;Stewart;F;17.11.2013
544;Janet;Adams;F;15.02.1973
545;Miranda;Rogers;M;21.10.1989
546;Aaron;Walton;F;08.07.1996
547;Regan;Wagner;F;14.06.1985
548;Sharon;Curry;M;10.04.1970
549;Jayne;Hodges;M;04.10.2009
550;Neil;Mcgee;F;17.01.1974
551;Michael;Warren;M;16.04.2017
552;David;Parker;F;10.04.1973
553;Sarah;Stevens;M;13.11.1991
554;David;Davis;M;14.07.2001
555;Azar;Chambers;F;28.12.1974
556;Marjorie;Hodges;F;19.12.1968
557;Eric;Gibson;M;11.05.1961
558;Stephen;Hodges;F;26.08.2001
559;Kathleen;Knowles;F;14.07.2014
560;Robert;Kelly;M;30.08.2016
561;Rod;Powell;F;17.07.1985
562;William;Smart;M;25.12.2020
563;Gemma;Adams;F;18.03.1967
564;Helen;Swanson;M;18.01.1999
565;Robert;Pearson;F;14.09.1977
566;Martin;Holt;F;15.08.2005
567;David;Hayes;F;23.05.2003
568;Ann;Gibson;M;30.05.1964
569;Wai;Rodgers;F;28.12.2021
570;Gerard;Gibson;M;16.02.1986
571;John;Bates;M;05.09.1963
572;Kenneth;Swanson;M;14.07.2000
573;Elizabeth;Schofield;F;09.01.1984
574;Margaret;Hayes;F;27.12.1998
575;Susan;Whitehead;M;31.10.1983
576;James;Lawson;M;04.04.1991
577;Scott;Jimenez;F;21.02.1964
578;Michelle;Curry;M;09.10.2004
579;Elizabeth;Woods;M;22.09.1992
580;Janet;Parker;F;07.01.2009
581;Janet;Barker;M;25.03.1975
582;Stephen;Stewart;F;27.09.1967
583;Andrew;Hammond;M;18.04.1964
584;Nick;Cannon;F;22.02.1995
585;Nicola;Brooks;F;26.02.1996
586;Judith;Russell;M;08.03.2011
587;Sharon;Miranda;M;23.11.1985
588;Maureen;Ramsey;M;24.05.2022
589;Matthew;Ortiz;F;03.08.1964
590;Stephen;Daniel;M;02.09.1985
591;John;Barker;F;04.08.1991
592;Rebecca;Griffin;F;12.09.1971
593;Sam;Clayton;F;23.10.2019
594;Sara;Marsh;M;27.03.2015
595;Jennifer;Shelton;M;21.03.1967
596;Matthew;Hale;M;02.06.1965
597;Robert;Joyce;M;11.08.2007
598;Michael;Solis;M;09.06.2022
599;Janet;Gray;M;24.04.1999
600;John;Frazier;F;23.05.2013
601;Stephen;Todd;M;27.03.1994
602;Gwen;Mcdonald;M;13.06.2013
603;Peter;Solis;F;21.02.2012
604;Keith;Obrien;F;17.10.1969
605;Timothy;Hughes;M;01.01.2008
606;Tina;Bates;M;17.03.1992
607;Jose;James;F;13.07.1993
608;Peter;Hayes;F;10.07.2022
609;Valerie;Lawson;F;28.05.1996
610;Amy;Tran;F;08.10.1972
611;Kathryn;Kelly;M;18.08.1982
612;Peter;Marsh;M;20.03.1995
613;Sam;Hughes;M;15.07.1961
614;Jan;Alexander;M;18.06.1979
615;Alida;Obrien;F;10.09.1974
616;Anthony;Gibson;M;31.03.2015
617;Nick;Lawson;M;10.06.1984
618;George;Richards;F;17.04.1962
619;Brian;Chambers;M;03.07.1986
620;Keith;Curry;F;09.11.2004
621;Peter;Sandoval;M;07.05.2017
622;Benedict;Rodgers;F;07.03.2022
623;Clive;Pearson;M;12.11.1963
624;Matthew;Schmidt;M;11.12.1998
625;Carol;Richards;M;05.11.2020
626;Paul;Hodges;M;25.04.1972
627;Gwen;Wade;F;27.02.2002
628;Carol;Whitehead;F;25.01.1993
629;Richard;Spencer;M;06.03.1970
630;Stephen;Curry;M;07.08.2000
631;Robert;Solis;F;26.07.2014
632;Peter;Hodges;M;25.01.2010
633;Nick;Warren;M;10.06.2003
634;Ann;Figueroa;M;11.08.2011
635;Michael;Bates;M;05.09.1965
636;Stephen;Todd;M;05.09.1976
637;Ann;Burns;F;04.12.1988
638;Robert;Pena;M;10.04.1962
639;Ruth;Pena;F;19.08.1974
640;Michael;French;M;01.10.1967
641;David;Reyes;F;22.11.2022
642;Martin;Bates;F;11.11.2008
643;Carol;Solis;F;25.01.2005
644;Kathryn;Perry;F;31.08.1975
645;Jose;Mcgee;M;09.04.2019
646;Wai;Rogers;M;04.02.2002
647;Nicola;Flores;F;28.06.1966
648;Ann;Clayton;F;09.12.1963
649;Satish;Parker;F;05.01.1992
650;Matthew;Hughes;F;10.03.2000
651;Amanda;Garcia;F;17.08.1978
652;Peter;Ortiz;F;18.07.2011
653;Brian;Schmidt;M;24.07.2018
654;Mark;Woods;F;04.04.2018
655;Stephen;Clayton;M;25.05.2008
656;Joy;Santos;M;20.06.2020
657;Steven;Hayes;F;04.05.1982
658;Stephen;Walton;M;08.02.2018
659;Benedict;Whitehead;M;09.10.1991
660;Graham;Spencer;M;18.11.2012
661;David;Walton;M;03.04.1963
662;Jason;Baldwin;F;14.01.2012
663;Eileen;Sandoval;F;26.03.2004
664;Emma;Hammond;F;04.10.1983
665;Andrew;Sandoval;F;29.05.1972
666;Ryan;Hopkins;M;20.04.1991
667;Catherine;Smart;M;30.05.1960
668;Miranda;Gibson;F;21.03.1990
669;Betty;Whitehead;M;12.09.2001
670;James;James;M;19.01.1986
671;Robert;Hammond;F;11.08.1965
672;Helen;Pena;M;14.11.2004
673;David;Stevens;F;28.11.1962
674;Richard;Shelton;M;12.06.1967
675;Amy;French;M;08.02.2010
676;Eric;Daniel;F;09.09.1974
677;Brian;Townsend;F;15.07.2004
678;Emma;Obrien;M;13.06.1978
679;Jason;Perry;M;18.02.1991
680;Eric;Daniels;M;27.03.2009
681;Kenneth;Cox;F;07.11.2021
682;Stacey;Spencer;M;01.03.1968
683;Kathleen;Foster;F;02.06.1981
684;Sharon;French;F;16.05.1987
685;Stephen;Obrien;F;11.07.1989
686;Martin;Woods;F;31.03.1968
687;John;Barnett;M;09.09.1989
688;Tracy;Stevens;F;09.01.1982
689;Maureen;Chambers;M;06.08.1974
690;Timothy;Ortiz;F;21.06.1965
691;Graham;Schofield;M;01.10.2022
692;James;Schroeder;M;20.04.2017
693;Andrew;Miranda;M;24.03.1977
694;Tracy;Hale;F;20.04.2021
695;Marjorie;Joyce;F;06.08.1962
696;Jayne;Chan;F;18.12.2007
697;Lionel;Chambers;M;21.03.1988
698;Elizabeth;Craig;F;14.12.1981
699;Azar;Daniel;M;01.06.2010
700;David;Mcgregor;M;03.12.1960
701;Sarah;James;M;09.05.1977
702;Elaine;Knowles;M;21.06.2005
703;Jamie;Richards;M;12.02.2002
704;Nigel;Russell;F;09.03.1970
705;Robert;Smart;M;02.07.2005
706;Darren;Kelly;M;20.01.1968
707;Wai;Garcia;M;11.12.1965
708;Sandy;Schofield;F;09.04.2020
709;Neil;Barker;F;06.11.1990
710;John;Rodgers;M;20.10.1995
711;Gerard;Schroeder;F;15.11.2004
712;Benedict;Craig;F;25.03.1992
713;William;Lambert;F;17.10.1961
714;Jose;Ortiz;F;13.06.1970
715;Valerie;Lee;F;08.02.1964
716;Neil;Hammond;F;08.05.1974
717;Matthew;Miranda;F;21.06.2021
718;Pamela;Walton;F;10.06.2017
719;Jamie;Kelly;M;08.03.1983
720;Matthew;Hale;F;09.07.1981
721;Betty;Solis;M;01.09.1971
722;Keith;Rodgers;F;26.10.2008
723;William;Ortiz;F;08.09.1976
724;Sarah;Russell;M;23.02.1972
725;John;Chan;F;24.11.1962
726;Helen;Steele;M;01.03.2005
727;Jonathan;Russell;M;16.08.1968
728;Janice;Jackson;F;16.08.1991
729;Kamran;Rodgers;M;24.03.2004
730;Robert;Daniel;M;14.02.2000
731;Kathleen;Smart;M;24.07.2004
732;Clive;Holland;F;31.12.2007
733;Kathleen;Wade;M;30.07.1982
734;Ann;Barnett;F;28.03.1971
735;Jamie;Lee;F;31.07.1992
736;David;French;M;06.02.1981
737;William;Houghton;M;13.12.2017
738;Maureen;Gray;M;11.10.1975
739;Ann;Steele;F;08.04.1968
740;Maureen;Knowles;M;27.02.1985
741;Eileen;Hayes;F;06.07.1965
742;Helen;Hodges;M;29.08.1992
743;Peter;Bates;F;19.07.2015
744;Sonia;Bates;F;29.12.2002
745;Ruth;Lee;M;25.01.1960
746;Timothy;Thomas;F;14.02.2010
747;John;Burns;F;12.08.2000
748;Arthur;Hayes;M;05.07.2013
749;Keith;Gray;F;13.01.1993
750;Ann;Todd;M;18.07.1978
751;Anthony;Wade;F;25.06.1974
752;Peter;Ortiz;M;25.12.1987
753;De;Stewart;F;11.06.1993
754;John;Swanson;M;12.07.1997
755;Gemma;Davis;M;25.09.2022
756;Jose;Ortega;M;26.02.1975
757;John;Lee;F;31.12.1962
758;Robert;Frazier;M;15.04.1979
759;Keith;Stewart;F;15.05.2007
760;Kate;Jimenez;F;21.08.1996
761;James;Reyes;M;07.06.1978
762;Anthony;Walton;F;19.02.1996
763;Jayne;Pearson;F;02.09.1996
764;Peter;Hammond;M;25.12.1970
765;David;Gibson;M;11.06.2013
766;Jose;Smith;F;11.10.1977
767;Ruth;Rossi;F;17.12.2007
768;Loris;Pena;F;21.07.2002
769;Benedict;James;M;26.09.2012
770;Karen;Barnett;M;14.02.1973
771;William;Burns;M;09.02.1972
772;Valerie;Flores;F;18.01.1990
773;Graham;Brooks;M;09.12.2004
774;Brian;Brooks;M;10.05.1967
775;Nina;French;F;08.02.2008
776;Sarah;Wagner;F;09.04.1982
777;Tara;Hale;M;19.05.2007
778;Aidan;Whitehead;M;29.04.2007
779;Janice;Craig;F;18.05.2010
780;Glenn;Shelton;M;24.12.1990
781;Keith;Craig;F;02.01.2001
782;Satish;Cox;M;16.07.1991
783;Gemma;Cox;M;03.01.2013
784;John;Schofield;F;03.01.1963
785;Syed;Ramsey;F;03.03.2000
786;Carol;Craig;M;17.08.1985
787;Graham;Brooks;F;01.06.1982
788;Graham;Lee;F;25.01.2017
789;Tina;Chambers;F;29.12.1982
790;David;Cannon;F;25.10.2005
791;Judith;Solis;F;16.11.2010
792;Noreen;Daniels;F;22.09.1985
793;William;Ramsey;F;09.03.1968
794;Donal;Swanson;M;20.08.1973
795;Mark;Pena;M;21.12.1999
796;Emma;Parker;M;03.06.1997
797;Lorraine;Mcdonald;M;25.10.1973
798;Robert;Ortega;F;18.07.1999
799;Robert;Gibson;F;10.02.2015
800;Nick;French;M;08.11.1994
801;Graham;Garcia;F;02.12.2009
802;Rod;Rossi;M;11.09.2005
803;Elizabeth;Adams;M;27.05.1988
804;Nicola;Rodgers;M;01.03.1975
805;Eileen;Craig;M;04.05.1994
806;David;Brooks;M;25.07.1990
807;Nalkit;Clayton;M;17.04.2022
808;Azar;Hayes;F;13.12.2005
809;James;Parker;F;20.09.1973
810;Antonette;Russell;F;03.02.2008
811;Aidan;Marsh;F;22.07.1979
812;Eileen;Swanson;F;30.12.1986
813;Iain;Brooks;F;09.07.1977
814;Kate;Obrien;F;07.04.1989
815;Sandy;Perry;M;01.08.1975
816;Stephen;Bates;F;05.04.2010
817;Jennifer;Reyes;M;18.03.2005
818;Jayne;Hopkins;M;12.09.1995
819;David;Smart;M;11.05.2019
820;Sandy;Lambert;M;20.03.1979
821;Rachael;Cox;F;12.02.2014
822;Glenn;Swanson;F;28.08.1976
823;Carol;Burns;F;17.04.2010
824;Tina;Ross;F;01.09.1996
825;Patrick;Mcgee;M;01.07.1983
826;Robert;Marsh;M;19.03.1971
827;Lionel;Doherty;F;02.05.1963
828;Tara;Rivas;F;29.07.2011
829;David;Cannon;F;17.02.1979
830;Richard;Ortiz;M;02.12.2000
831;Richard;Parker;F;16.04.2017
832;Ky;Flores;M;06.01.1980
833;Brian;Baldwin;M;08.12.2019
834;Antonette;Flores;M;28.04.1995
835;Satish;Walton;M;14.03.1981
836;De;Garcia;F;12.02.1985
837;Peter;Figueroa;F;20.04.1971
838;William;Smart;F;06.08.2002
839;Thomas;Pearson;M;28.07.1970
840;Ryan;Thomas;M;18.09.1974
841;Lewis;Hammond;M;01.11.1995
842;Jonathan;Houghton;F;23.05.2016
843;Kathryn;Mcgregor;M;26.12.2020
844;Thomas;Ross;M;07.07.1978
845;Lionel;Stevens;F;10.09.1983
846;Noreen;French;F;15.10.2021
847;Jason;Sandoval;M;01.10.1968
848;William;Holt;M;11.11.1986
849;Sandy;James;M;25.05.1966
850;Julie;Jackson;M;22.08.1975
851;Carol;Daniels;F;25.11.1962
852;David;Daniel;M;23.06.1973
853;Sandy;Adams;M;22.06.1960
854;Lisa;Ortiz;F;16.01.1996
855;Ivy;Foster;F;16.07.1994
856;Phillip;Hawkins;M;26.10.2002
857;Yasmin;Ortiz;M;29.08.2018
858;Stacey;Shelton;F;23.11.2002
859;Donal;Pearson;M;16.11.2003
860;Shane;Hollan;M;01.07.1998
861;William;Mcgee;M;19.12.1985
862;Keith;Daniel;M;24.10.2021
863;Phillip;Hammond;M;15.12.1988
864;Mark;Smart;F;06.08.1996
865;Peter;Garcia;M;10.12.1990
866;Christopher;Steele;M;08.08.1971
867;Muhammad;Fernandez;M;28.08.1963
868;Joanne;Gray;M;23.06.1963
869;Irene;Smith;F;21.01.2022
870;Jennifer;Richards;F;08.06.1976
871;Betty;Jackson;M;03.01.1973
872;Michael;Flores;M;06.04.1973
873;Neil;Clayton;F;30.09.1996
874;De;Barker;F;15.10.2022
875;James;Ramsey;F;09.11.1964
876;Graham;Hale;M;21.09.1975
877;Tina;Whitehead;F;30.06.2011
878;Brian;Gibson;M;02.01.2000
879;Nalkit;Hodges;M;17.04.1978
880;Ruth;Marsh;M;07.07.1999
881;John;Barnett;M;03.01.2001
882;Richard;Griffin;M;25.01.2011
883;Gerard;Holt;F;04.05.2014
884;Paul;Baldwin;M;14.07.1963
885;Ryan;Walton;F;24.11.1977
886;Susan;Garcia;M;28.10.2019
887;Tina;Ortiz;F;15.10.2020
888;William;Lawson;M;14.09.1997
889;John;Spencer;F;01.02.1969
890;Keith;Stewart;F;21.08.1991
891;Mark;Warren;M;28.09.1971
892;Tracy;Miranda;M;22.01.1992
893;Richard;Schofield;M;30.01.1976
894;William;Solis;M;04.11.1997
895;William;Ortiz;M;15.07.1970
896;David;Stewart;F;13.12.2003
897;Rachael;Lee;M;19.05.1960
898;Rod;Ortega;F;24.07.1987
899;Kathryn;Daniel;M;20.08.1977
900;Lionel;Hale;M;03.04.2005
901;Robert;Smart;M;09.11.2019
902;Lina;Warren;F;31.07.1983
903;Thomas;Powell;M;02.06.2001
904;Tina;Doherty;M;20.09.1962
905;Neil;Barnett;M;16.12.2000
906;Paul;Terry;M;04.05.1999
907;Keith;Mcgee;F;15.02.1965
908;De;Obrien;M;29.07.1974
909;Nalkit;Richards;M;12.05.1968
910;John;Flores;M;24.09.1980
911;Eric;Craig;F;07.09.1990
912;James;Houghton;M;18.09.1960
913;Tomas;Rivas;F;19.10.2007
914;De;Craig;M;11.07.1962
915;Peter;Steele;M;12.09.1982
916;Keith;Pearson;F;25.03.2004
917;Lorraine;Lambert;M;24.01.1997
918;Azar;Adams;F;02.01.1992
919;Lewis;Clayton;M;03.03.1961
920;Graham;Frazier;F;28.07.2012
921;Mazhar;Craig;F;13.11.1990
922;Syed;Pearson;M;08.12.2013
923;Michael;Parker;F;11.09.1989
924;Kenneth;Gibson;M;30.06.2007
925;Nigel;Gray;M;31.01.1993
926;Sandra;Alexander;F;08.02.2022
927;William;Obrien;M;21.12.1964
928;Andrew;Hughes;F;29.01.1984
929;Neil;Solis;F;29.03.1989
930;Sandra;Mcgee;M;11.12.1980
931;Thomas;Davis;M;25.07.1981
932;Mark;Walton;M;01.08.2016
933;Paul;Tran;F;28.06.1993
934;Margaret;Foster;F;18.04.1986
935;Fiona;Townsend;F;28.05.1997
936;Jennifer;Lambert;F;15.04.1980
937;Nalkit;Ross;F;10.11.2008
938;Tina;Burns;F;28.02.1963
939;Michael;Stevens;F;15.09.2009
940;Miranda;Warren;F;06.09.2001
941;Sylvia;Wagner;M;09.03.2003
942;Regan;Stevens;F;19.04.2006
943;Gerard;Steele;F;15.03.2019
944;Michael;Solis;F;04.12.2008
945;Miranda;Terry;F;15.03.1999
946;Sara;Adams;F;27.01.1966
947;David;Santos;M;06.04.1965
948;Barry;Foster;F;17.07.1994
949;Brian;Thomas;F;11.05.1999
950;Michael;Davis;F;16.08.1998
951;Azar;Swanson;M;24.04.2012
952;Steven;Townsend;F;21.06.1971
953;Stephen;Frazier;F;10.12.1990
954;Ann;Stevens;F;17.11.2008
955;Satish;Gray;M;12.07.1998
956;Margaret;Obrien;M;09.07.2015
957;De;Lee;F;21.06.2000
958;Matthew;Daniels;F;10.05.1971
959;Rebecca;Joyce;M;23.10.2016
960;Nicola;Lawson;M;03.02.2001
961;Jennifer;French;F;03.09.2004
962;Pamela;Hodges;F;04.01.1977
963;Thomas;Brooks;M;03.10.2021
964;Gwen;Perry;F;08.07.2012
965;Kathryn;Houghton;F;21.10.2016
966;Aidan;Schmidt;M;27.02.2001
967;Pamela;Stewart;M;11.05.1978
968;Nick;Ortiz;M;26.11.2007
969;Stephen;Pena;M;03.08.2002
970;Michael;Swanson;M;18.12.2015
971;Darren;Frazier;M;12.10.2007
972;Ruth;Frazier;F;17.03.1968
973;Nick;Miranda;M;11.04.2007
974;John;Griffin;M;29.10.1981
975;Graham;Smart;M;22.07.2012
976;Stacey;Craig;M;12.03.1967
977;Steven;Craig;F;15.03.1966
978;Jonathan;Barker;F;14.05.1967
979;John;Hughes;F;21.09.2008
980;William;Sandoval;F;04.01.2003
981;Michelle;Baldwin;F;31.10.2016
982;Matthew;Gibson;M;30.05.2017
983;Robert;Brooks;M;02.10.1970
984;Amy;Hodges;M;22.12.1997
985;Jose;Miranda;M;09.08.2022
986;John;Rossi;F;07.08.2022
987;Andrew;Marsh;M;13.05.2011
988;Barry;Davis;F;25.05.2015
989;Maureen;Hale;M;07.10.1983
990;Graham;Walton;M;21.12.2010
991;Oliver;Woods;F;25.10.2009
992;Rebecca;Pearson;M;13.07.1990
993;John;Pena;M;24.01.1985
994;Susan;Shelton;F;12.05.1972
995;Maureen;Griffin;M;13.04.2011
996;Lionel;Craig;M;07.06.2005
997;Stacey;Gray;F;21.07.1976
998;Emma;Burns;M;10.05.1993
999;Michael;Wade;F;19.05.1962
1000;Sylvia;Walton;F;05.01.1988